shedno,shed_area,edge_pit,pit_area,pit_vol,pit_elev,pit_seqno,pit_row,pit_col,pre_vol,varatio,in_seqno,in_row,in_col,in_elev,out_seqno,out_row,out_col,out_elev,drains_to,pour_elev,pond_shed,edge_pit_out,pit_elev_out,pit_seqno_out,pour_elev_out
1,194,FALSE,1,1.0260000000010905,10.488999999999919,22370,150,20,0,5.288659793820054,22375,150,25,10.591000000000008,22376,150,26,10.58299999999997,8,10.591000000000008,1,TRUE,10.122999999999934,22394,10.49899999999991
6,237,FALSE,1,253.29499999999132,5.0079999999999245,18000,120,150,0,1068.7552742615667,14850,99,150,6.675999999999931,14700,98,150,6.6749999999999545,13,6.675999999999931,6,TRUE,6.391999999999939,13800,6.483999999999924
8,178,FALSE,1,27.03499999999019,10.122999999999934,22394,150,44,0,151.882022471855,22402,150,52,10.49899999999991,22253,149,53,10.488999999999919,17,10.49899999999991,8,TRUE,0,4106,4.961999999999989
11,180,FALSE,1,373.7420000000004,1.9359999999999218,8242,55,142,0,2076.3444444444467,5250,35,150,3.4939999999999145,5100,34,150,3.4969999999999573,21,3.4969999999999573,11,TRUE,2.506999999999948,3150,3.4969999999999573
13,6,FALSE,1,0.33399999999971897,6.391999999999939,13800,92,150,0,55.666666666619825,13200,88,150,6.483999999999924,13050,87,150,6.474999999999909,11,6.483999999999924,13,TRUE,1.9359999999999218,8242,3.4969999999999573
15,46,FALSE,1,15.65900000000397,6.024000000000001,8103,55,3,0,340.41304347834716,7059,48,9,6.418000000000006,6910,47,10,6.390999999999963,17,6.418000000000006,15,TRUE,0,4106,4.961999999999989
17,11,FALSE,1,15803.981000000236,0,4106,28,56,0,1436725.5454545668,5820,39,120,4.947999999999979,5971,40,121,4.961999999999989,11,4.961999999999989,17,TRUE,1.9359999999999218,8242,3.4969999999999573
21,221,FALSE,1,32.929000000000315,2.506999999999948,3150,21,150,0,149.00000000000145,5100,34,150,3.4969999999999573,5250,35,150,3.4939999999999145,11,3.4969999999999573,21,TRUE,1.9359999999999218,8242,3.4969999999999573
24,7,FALSE,1,0.21000000000003638,3.9950000000000045,148,1,148,0,30.000000000005198,447,3,147,4.051999999999907,598,4,148,4.05499999999995,21,4.05499999999995,24,TRUE,2.506999999999948,3150,3.4969999999999573
